{
    "locations": [
 
        {
            "title": "Electronic City",
            "latitude": 12.839939,
            "longitude": 77.677003
        },
        {
            "title": "Hosa road",
            "latitude": 12.870556,
            "longitude": 77.655760
        },
        {
            "title": "SingaSandra",
            "latitude": 12.880166,
            "longitude": 77.646046
        },
        {
            "title": "Bommanahalli",
            "latitude": 12.898360,
            "longitude": 77.617947
        },
        {
            "title": "Roopena Agrahara",
            "latitude": 12.910673,
            "longitude": 77.623541
        }
    ]
}